t,alt,v_radial,v_tangential,regime,lat,lon,event
0.000,100.000000,-2.000000,0.007272,Flying,0.0000000,0.0000000,
0.500,97.778465,-6.881731,0.006930,Flying,-0.0000000,359.9999998,
1.000,93.125031,-11.723000,0.006216,Flying,-0.0000000,359.9999997,
1.500,86.066889,-16.496038,0.005141,Flying,-0.0000000,359.9999995,
2.000,76.644748,-21.174532,0.003720,Flying,-0.0000000,359.9999994,
2.500,64.912138,-25.734142,0.001973,Flying,-0.0000000,359.9999993,
3.000,50.934090,-30.152933,0.000076,Flying,-0.0000000,359.9999993,
3.500,34.785923,-34.411705,0.002400,Flying,-0.0000000,359.9999993,
4.000,16.551773,-38.494225,0.004970,Flying,-0.0000000,359.9999994,
4.413,-0.000023,-41.720723,0.007254,Flying,-0.0000000,359.9999996,Touchdown
4.413,-0.000023,-41.720723,0.007254,Destroyed,-0.0000000,359.9999996,
